Date and time,Check time,Measured air temperature,Forecasted air temperature,Feelslike temperature,Forecasted feelslike temperature
2023-03-14 00:00:00,2023-03-14 00:00:00,4.6,5.6,1.4,5.6
2023-03-14 06:00:00,2023-03-14 06:00:00,4.8,6.6,0.7,6.6
2023-03-14 12:00:00,2023-03-14 12:00:00,8.7,6.8,8.7,6.8
2023-03-14 18:00:00,2023-03-14 18:00:00,7.4,2.4,7.4,-2.4
2023-03-15 00:00:00,2023-03-15 00:00:00,6.7,-3.1,6.7,-6.1
2023-03-15 06:00:00,2023-03-15 06:00:00,2.3,-1.8,-1.1,-4.5
2023-03-15 12:00:00,2023-03-15 12:00:00,4.3,4.7,1,2.1
2023-03-15 18:00:00,2023-03-15 18:00:00,2.2,1.6,0.1,-2.3
2023-03-16 00:00:00,2023-03-16 00:00:00,-1.3,1.1,-3.5,-2.2
2023-03-16 06:00:00,2023-03-16 06:00:00,-1,-0.2,-1,-5.2
2023-03-16 12:00:00,2023-03-16 12:00:00,5.2,2.8,5.2,-0.1
2023-03-16 18:00:00,2023-03-16 18:00:00,0.9,2.4,0.9,-1.3
2023-03-17 00:00:00,2023-03-17 00:00:00,-4.3,5.3,-4.3,5.3
2023-03-17 06:00:00,2023-03-17 06:00:00,-2.7,-0.7,-2.7,-5.1
2023-03-17 12:00:00,2023-03-17 12:00:00,7.4,7.4,7.4,7.4
2023-03-17 18:00:00,2023-03-17 18:00:00,3.2,5.1,0.8,5.1
2023-03-18 06:00:00,2023-03-18 06:00:00,1,2.2,-3.3,-2.7
2023-03-18 12:00:00,2023-03-18 12:00:00,8.4,9.3,8.4,9.3
2023-03-18 18:00:00,2023-03-18 18:00:00,5.1,5.8,5.1,5.8
2023-03-19 00:00:00,2023-03-19 00:00:00,3.2,3.5,0.1,0
2023-03-19 06:00:00,2023-03-19 06:00:00,3,3,0.3,-0.6
2023-03-19 12:00:00,2023-03-19 12:00:00,12.7,9.2,12.7,9.2
2023-03-19 18:00:00,2023-03-19 18:00:00,8,6.3,8,6.3
2023-03-20 00:00:00,2023-03-20 00:00:00,4.5,4.7,2.2,0.5
2023-03-20 06:00:00,2023-03-20 06:00:00,3.8,4.3,1.3,0.5
2023-03-20 12:00:00,2023-03-20 12:00:00,13,9.2,13,9.2
2023-03-20 18:00:00,2023-03-20 18:00:00,9.2,8.3,9.2,8.3
2023-03-21 00:00:00,2023-03-21 00:00:00,4.4,8.2,1.4,8.2
2023-03-21 06:00:00,2023-03-21 06:00:00,5.1,9.4,5.1,9.4
2023-03-21 12:00:00,2023-03-21 12:00:00,7.6,14,7.6,14
2023-03-21 18:00:00,2023-03-21 18:00:00,5.3,7.3,5.3,7.3
2023-03-22 00:00:00,2023-03-22 00:00:00,4.2,6,2.1,6
2023-03-22 06:00:00,2023-03-22 06:00:00,3.3,6.7,1.4,6.7
2023-03-22 12:00:00,2023-03-22 12:00:00,11.7,11.9,11.7,11.9
2023-03-22 18:00:00,2023-03-22 18:00:00,9,8.9,9,8.9
2023-03-23 00:00:00,2023-03-23 00:00:00,7,6.2,7,6.2
2023-03-23 06:00:00,2023-03-23 06:00:00,7.5,6.6,7.5,6.6
2023-03-23 12:00:00,2023-03-23 12:00:00,16,14.9,16,14.9
2023-03-23 18:00:00,2023-03-23 18:00:00,9.7,10.9,9.7,10.9
2023-03-25 12:00:00,2023-03-25 12:00:00,12.5,10.6,12.5,10.6
2023-03-25 18:00:00,2023-03-25 18:00:00,8.1,5.9,8.1,5.9
2023-03-26 00:00:00,2023-03-26 00:00:00,6.5,3.8,6.5,1.1
2023-03-26 12:00:00,2023-03-26 12:00:00,6.5,8.6,6.5,8.6
2023-03-26 18:00:00,2023-03-26 18:00:00,6,4.9,6,2.4
2023-03-27 00:00:00,2023-03-27 00:00:00,3.4,3.7,-0.1,3.7
2023-03-27 06:00:00,2023-03-27 06:00:00,2,4.5,-0.9,2.8
2023-03-27 12:00:00,2023-03-27 12:00:00,4.8,7.3,2.3,7.3
2023-03-27 18:00:00,2023-03-27 18:00:00,1.7,4.3,-1.3,4.3
2023-03-28 00:00:00,2023-03-28 00:00:00,-1.2,2.8,-5.4,-1.4
2023-03-28 06:00:00,2023-03-28 06:00:00,-2,1,-5.6,-3.7
2023-03-28 12:00:00,2023-03-28 12:00:00,3,0.2,-1.8,-5.7
2023-03-28 18:00:00,2023-03-28 18:00:00,-0.2,-2.6,-4.7,-10.1
2023-03-29 00:00:00,2023-03-29 00:00:00,-1.2,-3.2,-6.3,-10.5
2023-03-29 06:00:00,2023-03-29 06:00:00,-1.7,-3.6,-7.1,-10
2023-03-29 12:00:00,2023-03-29 12:00:00,1.6,-1.9,-3,-8.4
2023-03-29 18:00:00,2023-03-29 18:00:00,-0.8,-5,-0.8,-10.4
2023-03-30 00:00:00,2023-03-30 00:00:00,-3.8,-9.7,-7,-15.1
2023-03-30 06:00:00,2023-03-30 06:00:00,0.4,-3.1,-3,-9.4
2023-03-30 12:00:00,2023-03-30 12:00:00,10.1,2,10.1,-2.9
2023-03-30 18:00:00,2023-03-30 18:00:00,7.5,-3.1,7.5,-7.2
2023-03-31 00:00:00,2023-03-31 00:00:00,5.1,-5.4,5.1,-8.7
2023-03-31 06:00:00,2023-03-31 06:00:00,4.4,-6.2,1.4,-9.7
2023-03-31 12:00:00,2023-03-31 12:00:00,6.7,1.6,6.7,-0.6
2023-03-31 18:00:00,2023-03-31 18:00:00,7.4,-3.3,7.4,-7.5
2023-04-01 12:00:00,2023-04-01 12:00:00,8.8,5.5,8.8,5.5
2023-04-01 18:00:00,2023-04-01 18:00:00,4.6,3.7,2,3.7
2023-04-02 00:00:00,2023-04-02 00:00:00,3,3,0.3,1
2023-04-02 06:00:00,2023-04-02 06:00:00,2.1,7.5,-1.7,7.5
2023-04-02 12:00:00,2023-04-02 12:00:00,3,4.9,-0.8,1.2
2023-04-02 18:00:00,2023-04-02 18:00:00,3.3,2.3,0.1,-1.5
2023-04-03 00:00:00,2023-04-03 00:00:00,-1.5,0.1,-5.2,-3.4
2023-04-03 06:00:00,2023-04-03 06:00:00,-1.3,0,-6,-4.3
2023-04-03 12:00:00,2023-04-03 12:00:00,2.3,4.6,-2.3,0.8
2023-04-03 18:00:00,2023-04-03 18:00:00,-0.3,0.3,-2.9,-3.1
2023-04-04 00:00:00,2023-04-04 00:00:00,-1.8,-3.4,-4.3,-7.6
2023-04-04 06:00:00,2023-04-04 06:00:00,-2.4,-1.9,-5,-7.9
2023-04-04 12:00:00,2023-04-04 12:00:00,0.4,2.6,-2.1,-1.7
2023-04-04 18:00:00,2023-04-04 18:00:00,-0.4,-0.7,-2.2,-3.3
2023-04-05 00:00:00,2023-04-05 00:00:00,-1.1,-4.8,-1.1,-4.8
2023-04-05 06:00:00,2023-04-05 06:00:00,-0.6,-1.3,-3,-4
2023-04-05 12:00:00,2023-04-05 12:00:00,1.9,1.6,-0.5,-0.6
2023-04-05 18:00:00,2023-04-05 18:00:00,1.1,0.6,-1.4,-1.8
2023-04-06 12:00:00,2023-04-06 12:00:00,6.7,3.2,6.7,0.3
2023-04-06 18:00:00,2023-04-06 18:00:00,8.5,2.3,8.5,2.3
2023-04-07 00:00:00,2023-04-07 00:00:00,6.2,0.6,6.2,0.6
2023-04-07 06:00:00,2023-04-07 06:00:00,7.7,-1.4,7.7,-4.1
2023-04-08 06:00:00,2023-04-08 06:00:00,9.2,5.2,9.2,5.2
2023-04-08 12:00:00,2023-04-08 12:00:00,14.9,10.1,14.9,10.1
2023-04-08 18:00:00,2023-04-08 18:00:00,10.2,9,10.2,9
2023-04-09 12:00:00,2023-04-09 12:00:00,15.8,11.9,15.8,11.9
2023-04-09 18:00:00,2023-04-09 18:00:00,9.7,8.5,9.7,8.5
2023-04-10 00:00:00,2023-04-10 00:00:00,6.2,4.8,6.2,2.3
2023-04-10 06:00:00,2023-04-10 06:00:00,6.5,5.3,6.5,5.3
2023-04-10 12:00:00,2023-04-10 12:00:00,15.9,10.1,15.9,10.1
2023-04-10 18:00:00,2023-04-10 18:00:00,12.5,7.5,12.5,7.5
2023-04-11 00:00:00,2023-04-11 00:00:00,6.4,1.6,6.4,-0.6
2023-04-11 06:00:00,2023-04-11 06:00:00,9.2,6.2,9.2,6.2
2023-04-11 12:00:00,2023-04-11 12:00:00,16.7,10.6,16.7,10.6
2023-04-11 18:00:00,2023-04-11 18:00:00,11.2,8.4,11.2,8.4
2023-04-12 00:00:00,2023-04-12 00:00:00,9.3,7.1,9.3,7.1
2023-04-12 12:00:00,2023-04-12 12:00:00,16.7,13.2,16.7,13.2
2023-04-12 18:00:00,2023-04-12 18:00:00,12.9,9.1,12.9,9.1
2023-04-13 00:00:00,2023-04-13 00:00:00,7.7,8.1,7.7,8.1
2023-04-14 00:00:00,2023-04-14 00:00:00,8.7,6.4,8.7,6.4
2023-04-14 06:00:00,2023-04-14 06:00:00,8.6,7.9,8.6,7.9
2023-04-14 12:00:00,2023-04-14 12:00:00,11.7,13.7,11.7,13.7
2023-04-14 18:00:00,2023-04-14 18:00:00,11.3,6.1,11.3,6.1
2023-04-15 00:00:00,2023-04-15 00:00:00,8.2,4.7,8.2,2.1
2023-04-15 06:00:00,2023-04-15 06:00:00,7.6,6.3,7.6,6.3
2023-04-15 12:00:00,2023-04-15 12:00:00,10.7,9.9,10.7,9.9
2023-04-16 12:00:00,2023-04-16 12:00:00,5.9,6.4,5.9,6.4
2023-04-16 18:00:00,2023-04-16 18:00:00,7.4,4.5,7.4,0.7
2023-04-17 00:00:00,2023-04-17 00:00:00,6.6,3.4,6.6,-0.7
2023-04-17 06:00:00,2023-04-17 06:00:00,8.3,8.1,8.3,8.1
2023-04-17 12:00:00,2023-04-17 12:00:00,12.6,12.1,12.6,12.1
2023-04-17 18:00:00,2023-04-17 18:00:00,9.3,7.9,9.3,7.9
2023-04-18 00:00:00,2023-04-18 00:00:00,4.2,4,4.2,2.2
2023-04-18 12:00:00,2023-04-18 12:00:00,13.1,12.6,13.1,12.6
2023-04-18 18:00:00,2023-04-18 18:00:00,10,7.3,10,7.3
2023-04-19 00:00:00,2023-04-19 00:00:00,7.1,4.9,7.1,2.4
2023-04-19 06:00:00,2023-04-19 06:00:00,8.7,7.5,8.7,7.5
2023-04-19 18:00:00,2023-04-19 18:00:00,14.7,7.9,14.7,7.9
2023-04-20 00:00:00,2023-04-20 00:00:00,10,2.2,10,0.1
2023-04-20 06:00:00,2023-04-20 06:00:00,10.1,7.2,10.1,7.2
2023-04-21 00:00:00,2023-04-21 00:00:00,8.2,6.3,8.2,6.3
2023-04-21 06:00:00,2023-04-21 06:00:00,9.2,7.9,9.2,7.9
2023-04-21 12:00:00,2023-04-21 12:00:00,17.1,13.3,17.1,13.3
2023-04-21 18:00:00,2023-04-21 18:00:00,14.2,9.9,14.2,9.9
2023-04-22 00:00:00,2023-04-22 00:00:00,7.3,6.3,7.3,6.3
2023-04-22 12:00:00,2023-04-22 12:00:00,18,13.8,18,13.8
2023-04-22 18:00:00,2023-04-22 18:00:00,12.9,8.6,12.9,8.6
2023-04-23 00:00:00,2023-04-23 00:00:00,7,6.2,7,6.2
2023-04-23 06:00:00,2023-04-23 06:00:00,11.7,10.3,11.7,10.3
2023-04-23 12:00:00,2023-04-23 12:00:00,19,13.9,19,13.9
2023-04-23 18:00:00,2023-04-23 18:00:00,15.7,10.2,15.7,10.2
2023-04-24 00:00:00,2023-04-24 00:00:00,9.5,9.8,9.5,9.8
2023-04-24 06:00:00,2023-04-24 06:00:00,13.5,11.4,13.5,11.4
2023-04-24 12:00:00,2023-04-24 12:00:00,21.6,18.4,21.6,18.4
2023-04-24 18:00:00,2023-04-24 18:00:00,15.6,11.8,15.6,11.8
2023-04-25 00:00:00,2023-04-25 00:00:00,10.4,6.5,10.4,6.5
2023-04-25 06:00:00,2023-04-25 06:00:00,12.5,5.5,12.5,5.5
2023-04-25 12:00:00,2023-04-25 12:00:00,18.6,5.4,18.6,5.4
2023-04-25 18:00:00,2023-04-25 18:00:00,12.4,5.4,12.4,5.4
2023-04-26 00:00:00,2023-04-26 00:00:00,9.3,4.8,9.3,4.8
2023-04-26 06:00:00,2023-04-26 06:00:00,5.8,5.7,5.8,5.7
2023-04-26 12:00:00,2023-04-26 12:00:00,3.9,8.7,0.4,8.7
2023-04-26 18:00:00,2023-04-26 18:00:00,4.6,4,4.6,4
2023-04-27 00:00:00,2023-04-27 00:00:00,3.6,3.2,0.8,0.3
2023-04-27 12:00:00,2023-04-27 12:00:00,11,7.1,11,7.1
2023-04-27 18:00:00,2023-04-27 18:00:00,6.4,3.7,6.4,0.3
2023-04-28 00:00:00,2023-04-28 00:00:00,1.2,0.6,-0.5,-2.8
2023-04-28 06:00:00,2023-04-28 06:00:00,5.5,5.1,5.5,5.1
2023-04-28 18:00:00,2023-04-28 18:00:00,6.6,5.6,6.6,5.6
2023-04-29 00:00:00,2023-04-29 00:00:00,-0.3,1.5,-2.3,-0.7
2023-04-29 06:00:00,2023-04-29 06:00:00,5.8,6.1,5.8,6.1
2023-04-29 18:00:00,2023-04-29 18:00:00,11,6.2,11,6.2
2023-04-30 00:00:00,2023-04-30 00:00:00,5.9,1.3,5.9,-0.9
2023-04-30 06:00:00,2023-04-30 06:00:00,8.2,6,8.2,6
2023-04-30 12:00:00,2023-04-30 12:00:00,12,10,12,10
2023-04-30 18:00:00,2023-04-30 18:00:00,9.1,5.6,9.1,5.6
2023-05-01 00:00:00,2023-05-01 00:00:00,2.6,0.8,-0.1,-1.5
2023-05-01 06:00:00,2023-05-01 06:00:00,6.4,5,6.4,3.4
2023-05-01 12:00:00,2023-05-01 12:00:00,12.2,11.5,12.2,11.5
2023-05-01 18:00:00,2023-05-01 18:00:00,10,6.7,10,6.7
2023-05-02 00:00:00,2023-05-02 00:00:00,5.1,5.6,5.1,5.6
2023-05-02 06:00:00,2023-05-02 06:00:00,9.6,5.2,9.6,5.2
2023-05-02 12:00:00,2023-05-02 12:00:00,19,11.8,19,11.8
2023-05-02 18:00:00,2023-05-02 18:00:00,9.7,7.2,9.7,7.2
2023-05-03 00:00:00,2023-05-03 00:00:00,4.3,3.6,4.3,1.7
2023-05-03 06:00:00,2023-05-03 06:00:00,5.8,6.8,5.8,6.8
2023-05-03 12:00:00,2023-05-03 12:00:00,11.5,7.8,11.5,7.8
2023-05-03 18:00:00,2023-05-03 18:00:00,9.3,5.5,9.3,5.5
2023-05-04 12:00:00,2023-05-04 12:00:00,13.5,11.4,13.5,11.4
2023-05-04 18:00:00,2023-05-04 18:00:00,7.6,7,7.6,7
2023-05-05 00:00:00,2023-05-05 00:00:00,5,2.4,5,0.3
2023-05-04 06:00:00,2023-05-04 06:00:00,8.1,5.7,8.1,5.7
2023-05-05 12:00:00,2023-05-05 12:00:00,8.4,8.5,8.4,8.5
2023-05-05 18:00:00,2023-05-05 18:00:00,6.9,4.4,6.9,2.7
2023-05-06 00:00:00,2023-05-06 00:00:00,0.5,-0.2,0.5,-3.7
2023-05-06 12:00:00,2023-05-06 12:00:00,10.8,6.6,10.8,6.6
2023-05-06 18:00:00,2023-05-06 18:00:00,8.4,5.1,8.4,5.1
2023-05-07 00:00:00,2023-05-07 00:00:00,2.6,3.8,0.6,0.4
2023-05-07 06:00:00,2023-05-07 06:00:00,6.5,6.1,6.5,6.1
2023-05-07 12:00:00,2023-05-07 12:00:00,11.3,11.7,11.3,11.7
2023-05-07 18:00:00,2023-05-07 18:00:00,9.5,7.3,9.5,7.3
2023-05-08 00:00:00,2023-05-08 00:00:00,3.2,3,1.8,0.1
2023-05-08 06:00:00,2023-05-08 06:00:00,9.2,8.3,9.2,8.3
2023-05-08 12:00:00,2023-05-08 12:00:00,14.3,14.1,14.3,14.1
2023-05-08 18:00:00,2023-05-08 18:00:00,11.8,9.6,11.8,9.6
2023-05-09 00:00:00,2023-05-09 00:00:00,2.1,5.9,2.1,5.9
2023-05-09 06:00:00,2023-05-09 06:00:00,10.2,8.2,10.2,8.2
2023-05-11 12:00:00,2023-05-11 12:00:00,18.2,16.3,18.2,16.3
2023-05-11 18:00:00,2023-05-11 18:00:00,14.6,14.2,14.6,14.2
2023-05-12 00:00:00,2023-05-12 00:00:00,4.5,11.4,4.5,11.4
2023-05-12 06:00:00,2023-05-12 06:00:00,14.3,12,14.3,12
2023-05-12 12:00:00,2023-05-12 12:00:00,21.4,14.8,21.4,14.8
2023-05-12 18:00:00,2023-05-12 18:00:00,18.4,11.5,18.4,11.5
2023-05-13 00:00:00,2023-05-13 00:00:00,12.9,5.3,12.9,5.3
2023-05-13 06:00:00,2023-05-13 06:00:00,17.7,14.1,17.7,14.1
2023-05-13 12:00:00,2023-05-13 12:00:00,23,15.8,23,15.8
2023-05-13 18:00:00,2023-05-13 18:00:00,17.5,12.6,17.5,12.6
2023-05-14 00:00:00,2023-05-14 00:00:00,10.6,7,10.6,7
2023-05-14 06:00:00,2023-05-14 06:00:00,19,13.9,19,13.9
2023-05-14 12:00:00,2023-05-14 12:00:00,22.8,16,22.8,16
2023-05-14 18:00:00,2023-05-14 18:00:00,19.4,13.9,19.4,13.9
2023-05-15 00:00:00,2023-05-15 00:00:00,14.3,10.7,14.3,10.7
2023-05-15 12:00:00,2023-05-15 12:00:00,24.2,19.9,24.2,19.9
2023-05-15 18:00:00,2023-05-15 18:00:00,19.9,15.6,19.9,15.6
2023-05-16 00:00:00,2023-05-16 00:00:00,11.9,12,11.9,12
2023-05-16 06:00:00,2023-05-16 06:00:00,12.5,13.5,12.5,13.5
2023-05-16 12:00:00,2023-05-16 12:00:00,16.4,16.6,16.4,16.6
2023-05-16 18:00:00,2023-05-16 18:00:00,14.2,15.5,14.2,15.5
2023-05-17 06:00:00,2023-05-17 06:00:00,12.7,14.9,12.7,14.9
2023-05-17 12:00:00,2023-05-17 12:00:00,11.7,19.8,11.7,19.8
2023-05-17 18:00:00,2023-05-17 18:00:00,9.6,17,9.6,17
2023-05-18 00:00:00,2023-05-18 00:00:00,6.3,13.3,6.3,13.3
2023-05-18 12:00:00,2023-05-18 12:00:00,13.6,23,13.6,22.8
2023-05-18 18:00:00,2023-05-18 18:00:00,12.6,19.6,12.6,19.6
2023-05-19 00:00:00,2023-05-19 00:00:00,10.3,16.1,10.3,16.1
2023-05-20 00:00:00,2023-05-20 00:00:00,11.5,10.3,11.5,10.3
2023-05-20 06:00:00,2023-05-20 06:00:00,14.4,11.1,14.4,11.1
2023-05-20 12:00:00,2023-05-20 12:00:00,20.6,18.5,20.6,18.5
2023-05-20 18:00:00,2023-05-20 18:00:00,17.7,15.9,17.7,15.9
2023-05-21 00:00:00,2023-05-21 00:00:00,8.8,11,8.8,11
2023-05-21 06:00:00,2023-05-21 06:00:00,15.6,15.5,15.6,15.5
2023-05-21 12:00:00,2023-05-21 12:00:00,20,21.5,20,21.5
2023-05-21 18:00:00,2023-05-21 18:00:00,17.5,17.7,17.5,17.7
2023-05-22 00:00:00,2023-05-22 00:00:00,7.9,12.8,7.9,12.8
2023-05-21 21:00:00,2023-05-21 21:00:00,11.4,11.6,11.4,11.6
2023-05-22 06:00:00,2023-05-22 06:00:00,15.2,16.5,15.2,16.5
2023-05-22 18:00:00,2023-05-22 18:00:00,18,15.2,18,15.2
2023-05-23 00:00:00,2023-05-23 00:00:00,11.4,8.7,11.4,8.7
2023-05-23 06:00:00,2023-05-23 06:00:00,16.8,15.6,16.8,15.6
2023-05-23 12:00:00,2023-05-23 12:00:00,21.9,21.2,21.9,21.2
2023-05-23 18:00:00,2023-05-23 18:00:00,20.2,18.1,20.2,18.1
2023-05-24 00:00:00,2023-05-24 00:00:00,12.3,13.1,12.3,13.1
2023-05-24 06:00:00,2023-05-24 06:00:00,19.2,19.5,19.2,19.5
2023-05-24 12:00:00,2023-05-24 12:00:00,23.8,22.4,23.8,22.4
2023-05-25 06:00:00,2023-05-25 06:00:00,18.9,19.4,18.9,19.4
2023-05-25 12:00:00,2023-05-25 12:00:00,24.8,22.8,24.2,22.8
2023-05-25 18:00:00,2023-05-25 18:00:00,21.3,19.4,21.3,19.4
2023-05-26 00:00:00,2023-05-26 00:00:00,13.7,13.5,13.7,13.5
2023-05-26 06:00:00,2023-05-26 06:00:00,12,14.7,12,14.7
2023-05-26 12:00:00,2023-05-26 12:00:00,19,18.1,19,18.1
2023-05-26 18:00:00,2023-05-26 18:00:00,15.9,14.5,15.9,14.5
2023-05-27 00:00:00,2023-05-27 00:00:00,9.3,7.5,9.3,7.5
2023-05-26 21:00:00,2023-05-26 21:00:00,11.7,8.7,11.7,8.7
2023-05-27 06:00:00,2023-05-27 06:00:00,9.7,9.8,9.7,9.8
2023-05-27 12:00:00,2023-05-27 12:00:00,15.1,16.4,15.1,16.4
2023-05-27 18:00:00,2023-05-27 18:00:00,12.6,12.7,12.6,12.7
2023-05-27 21:00:00,2023-05-27 21:00:00,7.1,8.2,7.1,8.2
2023-05-28 00:00:00,2023-05-28 00:00:00,4,5.6,4,5.6
2023-05-28 06:00:00,2023-05-28 06:00:00,13.1,14.1,13.1,14.1
2023-05-28 12:00:00,2023-05-28 12:00:00,18.7,19.4,18.7,19.4
2023-05-28 18:00:00,2023-05-28 18:00:00,16.5,16.8,16.5,16.8
2023-05-28 21:00:00,2023-05-28 21:00:00,9.4,12.2,9.4,12.2
2023-05-29 00:00:00,2023-05-29 00:00:00,6.6,11.1,6.6,11.1
2023-05-29 06:00:00,2023-05-29 06:00:00,14.9,16.4,14.9,16.4
2023-05-29 21:00:00,2023-05-29 21:00:00,15.4,14.5,15.4,14.5
2023-05-30 00:00:00,2023-05-30 00:00:00,11.8,13.7,11.8,13.7
2023-05-30 06:00:00,2023-05-30 06:00:00,15.7,16.7,15.7,16.7
2023-05-30 12:00:00,2023-05-30 12:00:00,20.3,23,20.3,23
2023-05-30 18:00:00,2023-05-30 18:00:00,16.6,17.6,16.6,17.6
2023-05-30 21:00:00,2023-05-30 21:00:00,12.2,13.8,12.2,13.8
2023-05-31 00:00:00,2023-05-31 00:00:00,8.5,10.1,8.5,10.1
2023-05-31 06:00:00,2023-05-31 06:00:00,11.7,17.2,11.7,17.2
2023-05-31 12:00:00,2023-05-31 12:00:00,19.5,22.1,19.5,22.1
2023-05-31 18:00:00,2023-05-31 18:00:00,18,19.7,18,19.7
2023-06-01 00:00:00,2023-06-01 00:00:00,10,12.5,10,12.5
2023-06-01 06:00:00,2023-06-01 06:00:00,13.3,18,13.3,18
2023-06-01 12:00:00,2023-06-01 12:00:00,19.3,25,19.3,25
2023-05-31 21:00:00,2023-05-31 21:00:00,13,12.2,13,12.2
2023-06-02 00:00:00,2023-06-02 00:00:00,9.9,12.6,9.9,12.6
2023-06-02 06:00:00,2023-06-02 06:00:00,7.2,16.6,7.2,16.6
2023-06-02 12:00:00,2023-06-02 12:00:00,12.7,19.6,12.7,19.6
2023-06-02 18:00:00,2023-06-02 18:00:00,10.7,13.8,10.7,13.8
2023-06-03 00:00:00,2023-06-03 00:00:00,4.1,5.7,2.2,5.7
2023-06-03 06:00:00,2023-06-03 06:00:00,8.3,9.6,8.3,9.6
2023-06-03 12:00:00,2023-06-03 12:00:00,14.2,14.8,14.2,14.8
2023-06-03 18:00:00,2023-06-03 18:00:00,10.9,12.1,10.9,12.1
2023-06-03 21:00:00,2023-06-03 21:00:00,8.2,8.1,8.2,8.1
2023-06-04 00:00:00,2023-06-04 00:00:00,5.5,7.6,5.5,7.6
2023-06-04 06:00:00,2023-06-04 06:00:00,11.9,13.3,11.9,13.3
2023-06-04 12:00:00,2023-06-04 12:00:00,17.9,17.1,17.9,17.1
2023-06-04 21:00:00,2023-06-04 21:00:00,13.1,11,13.1,11
2023-06-05 00:00:00,2023-06-05 00:00:00,8.2,9.6,8.2,9.6
2023-06-05 06:00:00,2023-06-05 06:00:00,13.7,11.4,13.7,11.4
2023-06-05 12:00:00,2023-06-05 12:00:00,18.4,16.6,18.4,16.6
2023-06-06 06:00:00,2023-06-06 06:00:00,15.8,15.9,15.8,15.9
2023-06-06 12:00:00,2023-06-06 12:00:00,22.7,21.1,22.7,21.1
2023-06-06 18:00:00,2023-06-06 18:00:00,20.8,18.2,20.8,18.2
2023-06-07 00:00:00,2023-06-07 00:00:00,8.9,11.1,8.9,11.1
2023-06-06 21:00:00,2023-06-06 21:00:00,12.5,13.1,12.5,13.1
2023-06-07 06:00:00,2023-06-07 06:00:00,20.3,18.6,20.3,18.6
2023-06-07 12:00:00,2023-06-07 12:00:00,25.6,24.6,25.6,24.6
2023-06-07 18:00:00,2023-06-07 18:00:00,22.6,17.8,22.6,17.8
2023-06-07 21:00:00,2023-06-07 21:00:00,15,15.9,15,15.9
2023-06-08 00:00:00,2023-06-08 00:00:00,12.3,12.5,12.3,12.5
2023-06-08 06:00:00,2023-06-08 06:00:00,19.1,15.9,19.1,15.9
2023-06-08 12:00:00,2023-06-08 12:00:00,26.9,21.3,26.9,21.3
2023-06-08 18:00:00,2023-06-08 18:00:00,24.6,20.4,23.9,20.4
2023-06-08 21:00:00,2023-06-08 21:00:00,18,16.2,18,16.2
2023-06-09 00:00:00,2023-06-09 00:00:00,13.3,13.5,13.3,13.5
2023-06-09 06:00:00,2023-06-09 06:00:00,21,20.5,21,20.5
2023-06-09 21:00:00,2023-06-09 21:00:00,16,19.2,16,19.2
2023-06-10 00:00:00,2023-06-10 00:00:00,13.2,16.6,13.2,16.6
2023-06-10 06:00:00,2023-06-10 06:00:00,15.3,19.4,15.3,19.4
2023-06-10 12:00:00,2023-06-10 12:00:00,20.4,19.6,20.4,19.6
2023-06-11 00:00:00,2023-06-11 00:00:00,10.9,15.2,10.9,15.2
2023-06-11 06:00:00,2023-06-11 06:00:00,14.4,17.4,14.4,17.4
2023-06-11 12:00:00,2023-06-11 12:00:00,19.8,23.2,19.8,23.2
2023-06-11 18:00:00,2023-06-11 18:00:00,17.7,19.9,17.7,19.9
2023-06-11 21:00:00,2023-06-11 21:00:00,12.8,14,12.8,14
2023-06-12 00:00:00,2023-06-12 00:00:00,9.1,12,9.1,12
2023-06-12 06:00:00,2023-06-12 06:00:00,15.6,16.7,15.6,16.7
2023-06-12 12:00:00,2023-06-12 12:00:00,18.1,21,18.1,21
2023-06-12 18:00:00,2023-06-12 18:00:00,17,18.6,17,18.6
2023-06-12 21:00:00,2023-06-12 21:00:00,12.4,14.1,12.4,14.1
2023-06-13 00:00:00,2023-06-13 00:00:00,11.5,12.6,11.5,12.6
2023-06-13 06:00:00,2023-06-13 06:00:00,16,17.2,16,17.2
2023-06-13 21:00:00,2023-06-13 21:00:00,16,15.5,16,15.5
2023-06-14 00:00:00,2023-06-14 00:00:00,11.3,13,11.3,13
2023-06-14 06:00:00,2023-06-14 06:00:00,15.7,19.2,15.7,19.2
2023-06-14 12:00:00,2023-06-14 12:00:00,20.7,25,20.7,25
2023-06-15 21:00:00,2023-06-15 21:00:00,15.7,18.9,15.7,18.9
2023-06-16 00:00:00,2023-06-16 00:00:00,14.6,17,14.6,17
2023-06-16 06:00:00,2023-06-16 06:00:00,17.1,19.6,17.1,19.6
2023-06-16 12:00:00,2023-06-16 12:00:00,25.3,26.6,25,26.6
2023-06-17 18:00:00,2023-06-17 18:00:00,17.7,25.6,17.7,25.1
2023-06-18 00:00:00,2023-06-18 00:00:00,16.8,18.2,16.8,18.2
2023-06-18 06:00:00,2023-06-18 06:00:00,19.2,25.2,19.2,24.8
2023-06-18 12:00:00,2023-06-18 12:00:00,23.9,30,24,30
2023-06-18 18:00:00,2023-06-18 18:00:00,22,19.2,22,19.2
2023-06-18 21:00:00,2023-06-18 21:00:00,16.6,21.8,16.6,21.8
2023-06-19 00:00:00,2023-06-19 00:00:00,16.8,19.6,16.8,19.6
2023-06-19 06:00:00,2023-06-19 06:00:00,17.7,23.8,17.7,23.4
2023-06-19 12:00:00,2023-06-19 12:00:00,23.4,28.5,23.4,28.5
2023-06-20 06:00:00,2023-06-20 06:00:00,18.4,23.9,18.4,23.7
2023-06-20 12:00:00,2023-06-20 12:00:00,25.9,25.6,25.6,25.2
2023-06-20 18:00:00,2023-06-20 18:00:00,22.8,24.1,22.8,23.9
2023-06-21 00:00:00,2023-06-21 00:00:00,15.6,18.7,15.6,18.7
2023-06-20 21:00:00,2023-06-20 21:00:00,17.8,15.9,17.8,15.9
2023-06-21 06:00:00,2023-06-21 06:00:00,22.8,19.9,22.8,19.9
2023-06-21 21:00:00,2023-06-21 21:00:00,18.8,20,18.8,20
2023-06-22 00:00:00,2023-06-22 00:00:00,18.1,18.7,18.1,18.7
2023-06-22 06:00:00,2023-06-22 06:00:00,21.4,21.3,21.4,21.3
2023-06-22 12:00:00,2023-06-22 12:00:00,21.4,23.7,21.4,24.1
2023-06-22 21:00:00,2023-06-22 21:00:00,16.7,18.6,16.7,18.6
2023-06-23 00:00:00,2023-06-23 00:00:00,14.6,18.5,14.6,18.5
2023-06-23 06:00:00,2023-06-23 06:00:00,16.7,20.4,16.7,20.4
2023-06-23 12:00:00,2023-06-23 12:00:00,26.1,23.5,25.7,23.9
2023-06-23 18:00:00,2023-06-23 18:00:00,20.6,20.8,20.6,20.8
2023-06-24 00:00:00,2023-06-24 00:00:00,18.1,17.9,18.1,17.9
2023-06-24 06:00:00,2023-06-24 06:00:00,20,19.2,20,19.2
2023-06-24 12:00:00,2023-06-24 12:00:00,23.9,24.5,23.5,24.1
2023-06-24 18:00:00,2023-06-24 18:00:00,22.1,21.3,22.1,21.3
2023-06-25 00:00:00,2023-06-25 00:00:00,17.3,16.5,17.3,16.5
2023-06-25 06:00:00,2023-06-25 06:00:00,18.1,15,18.1,15
2023-06-25 12:00:00,2023-06-25 12:00:00,24.8,22,24.2,22
2023-06-25 18:00:00,2023-06-25 18:00:00,16.1,19.4,16.1,19.4
2023-06-26 00:00:00,2023-06-26 00:00:00,12,13,12,13
2023-06-26 06:00:00,2023-06-26 06:00:00,15.5,19.9,15.5,19.9
2023-06-26 12:00:00,2023-06-26 12:00:00,20.1,25.9,20.1,25.9
2023-06-26 18:00:00,2023-06-26 18:00:00,19.8,21.6,19.8,21.6
2023-06-27 00:00:00,2023-06-27 00:00:00,11.7,15.5,11.7,15.5
2023-06-27 06:00:00,2023-06-27 06:00:00,19.5,18.3,19.5,18.3
2023-06-27 12:00:00,2023-06-27 12:00:00,24.1,17.9,23.6,17.9
2023-06-27 18:00:00,2023-06-27 18:00:00,13.7,16.5,13.7,16.5
2023-06-29 12:00:00,2023-06-29 12:00:00,24.5,23.2,24.1,22.8
2023-06-29 18:00:00,2023-06-29 18:00:00,19.9,19.4,19.9,19.4
2023-06-30 00:00:00,2023-06-30 00:00:00,16.4,16.7,16.4,16.7
2023-06-30 06:00:00,2023-06-30 06:00:00,18.3,19.3,18.3,19.3
2023-07-01 06:00:00,2023-07-01 06:00:00,16.6,19.6,16.6,19.6
2023-07-01 12:00:00,2023-07-01 12:00:00,20.5,19,20.5,19
2023-07-02 12:00:00,2023-07-02 12:00:00,21.1,24.5,21.1,24.5
2023-07-02 18:00:00,2023-07-02 18:00:00,15.9,21.8,15.9,21.8
2023-07-03 00:00:00,2023-07-03 00:00:00,12.9,16.3,12.9,16.3
2023-07-03 06:00:00,2023-07-03 06:00:00,16,20.1,16,20.1
2023-07-05 12:00:00,2023-07-05 12:00:00,25.2,24,24.6,24
2023-07-05 18:00:00,2023-07-05 18:00:00,22,21.6,22,21.6
2023-07-06 00:00:00,2023-07-06 00:00:00,15,16.2,15,16.2
2023-07-06 06:00:00,2023-07-06 06:00:00,20.7,22.9,20.7,22.9
2023-07-06 18:00:00,2023-07-06 18:00:00,18.9,22.4,18.9,22.4
2023-07-07 00:00:00,2023-07-07 00:00:00,13.4,15.3,13.4,15.3
2023-07-07 06:00:00,2023-07-07 06:00:00,16.8,22.4,16.8,22.4
2023-07-07 12:00:00,2023-07-07 12:00:00,21.9,25.3,21.9,25.3
2023-07-07 18:00:00,2023-07-07 18:00:00,19.8,20,19.8,20
2023-07-08 00:00:00,2023-07-08 00:00:00,9.9,14.3,9.9,14.3
2023-07-08 06:00:00,2023-07-08 06:00:00,17.7,17.3,17.7,17.3
2023-07-08 12:00:00,2023-07-08 12:00:00,22.1,22.4,22.1,22.4
2023-07-08 18:00:00,2023-07-08 18:00:00,20.5,21.1,20.5,21.1
2023-07-09 00:00:00,2023-07-09 00:00:00,14.5,15.6,14.5,15.6
2023-07-09 06:00:00,2023-07-09 06:00:00,18.2,19.8,18.2,19.8
2023-07-09 12:00:00,2023-07-09 12:00:00,23.9,25.2,23.4,25.2
2023-07-09 18:00:00,2023-07-09 18:00:00,17.4,21,17.4,21
2023-07-10 00:00:00,2023-07-10 00:00:00,14,15,14,15
2023-07-10 06:00:00,2023-07-10 06:00:00,13.9,19.2,13.9,19.2
2023-07-10 12:00:00,2023-07-10 12:00:00,18.9,24.3,18.9,24.3
2023-07-10 18:00:00,2023-07-10 18:00:00,18,20.4,18,20.4
2023-07-11 00:00:00,2023-07-11 00:00:00,10.6,13.8,10.6,13.8
2023-07-11 06:00:00,2023-07-11 06:00:00,15.9,19,15.9,19
2023-07-11 12:00:00,2023-07-11 12:00:00,19.5,24.5,19.5,24.5
2023-07-11 18:00:00,2023-07-11 18:00:00,19,19.3,19,19.3
2023-07-12 00:00:00,2023-07-12 00:00:00,8.7,13.7,8.7,13.7
2023-07-12 06:00:00,2023-07-12 06:00:00,18.7,19.4,18.7,19.4
2023-07-12 12:00:00,2023-07-12 12:00:00,25.1,25.1,25.1,25.1
2023-07-12 18:00:00,2023-07-12 18:00:00,22.2,21.2,22.2,21.2
2023-07-13 00:00:00,2023-07-13 00:00:00,16.7,16.7,16.7,16.7
2023-07-13 06:00:00,2023-07-13 06:00:00,19.2,19.7,19.2,19.7
2023-07-13 12:00:00,2023-07-13 12:00:00,25.6,22.7,25.3,22.7
2023-07-14 12:00:00,2023-07-14 12:00:00,24.1,23.3,23.6,22.7
2023-07-14 18:00:00,2023-07-14 18:00:00,20.7,19.9,20.7,19.9
2023-07-15 00:00:00,2023-07-15 00:00:00,13.5,13.8,13.5,13.8
2023-07-15 06:00:00,2023-07-15 06:00:00,16.7,18.2,16.7,18.2
2023-07-16 12:00:00,2023-07-16 12:00:00,31.6,26.9,31.6,26.9
2023-07-16 18:00:00,2023-07-16 18:00:00,27.8,24.7,27.6,24.3
2023-07-17 00:00:00,2023-07-17 00:00:00,20.6,19.7,20.6,19.7
2023-07-17 06:00:00,2023-07-17 06:00:00,22,21.4,22,21.4
2023-07-18 18:00:00,2023-07-18 18:00:00,18.4,19.9,18.4,19.9
2023-07-19 00:00:00,2023-07-19 00:00:00,12.6,14.4,12.6,14.4
2023-07-19 06:00:00,2023-07-19 06:00:00,16.6,18.1,16.6,18.1
2023-07-19 12:00:00,2023-07-19 12:00:00,20.9,23.4,20.9,23.4
2023-07-19 18:00:00,2023-07-19 18:00:00,16.8,19.2,16.8,19.2
2023-07-20 00:00:00,2023-07-20 00:00:00,14,13,14,13
2023-07-20 06:00:00,2023-07-20 06:00:00,15.7,19.5,15.7,19.5
2023-07-20 12:00:00,2023-07-20 12:00:00,21.8,22,21.8,22
2023-07-20 18:00:00,2023-07-20 18:00:00,18.3,19.2,18.3,19.2
2023-07-21 00:00:00,2023-07-21 00:00:00,14.2,12.3,14.2,12.3
2023-07-21 06:00:00,2023-07-21 06:00:00,16.4,18.4,16.4,18.4
2023-07-22 18:00:00,2023-07-22 18:00:00,15.5,17.7,15.5,17.7
2023-07-23 00:00:00,2023-07-23 00:00:00,12.1,11.6,12.1,11.6
2023-07-23 06:00:00,2023-07-23 06:00:00,14.8,16.5,14.8,16.5
2023-07-23 12:00:00,2023-07-23 12:00:00,17.8,22.3,17.8,22.3
2023-07-22 12:00:00,2023-07-22 12:00:00,19.6,21.8,19.6,21.8
2023-07-23 18:00:00,2023-07-23 18:00:00,17.2,19.4,17.2,19.4
2023-07-24 00:00:00,2023-07-24 00:00:00,14.2,14,14.2,14
2023-07-24 12:00:00,2023-07-24 12:00:00,22,23.4,22,23
2023-07-24 18:00:00,2023-07-24 18:00:00,22,19.9,22,19.9
2023-07-25 00:00:00,2023-07-25 00:00:00,16.4,15.8,16.4,15.8
2023-07-25 06:00:00,2023-07-25 06:00:00,20.9,18.8,20.9,18.8
2023-07-25 12:00:00,2023-07-25 12:00:00,25.6,26.2,25.5,25.7
2023-07-25 18:00:00,2023-07-25 18:00:00,20.9,18.2,20.9,18.2
2023-07-26 00:00:00,2023-07-26 00:00:00,16,13.9,16,13.9
2023-07-26 06:00:00,2023-07-26 06:00:00,16.3,17.5,16.3,17.5
2023-07-26 12:00:00,2023-07-26 12:00:00,22.6,21.6,22.6,21.6
2023-07-26 18:00:00,2023-07-26 18:00:00,19.1,18.6,19.1,18.6
2023-07-27 00:00:00,2023-07-27 00:00:00,15.3,17.3,15.3,17.3
2023-07-27 06:00:00,2023-07-27 06:00:00,12.3,14.2,12.3,14.2
2023-07-27 12:00:00,2023-07-27 12:00:00,16,20.1,16,20.1
2023-07-27 18:00:00,2023-07-27 18:00:00,15.4,15.8,15.4,15.8
2023-07-28 00:00:00,2023-07-28 00:00:00,10.1,12.5,10.1,12.5
2023-07-28 06:00:00,2023-07-28 06:00:00,16.2,15.8,16.2,15.8
2023-07-29 18:00:00,2023-07-29 18:00:00,21.8,21.2,21.8,21.2
2023-07-30 00:00:00,2023-07-30 00:00:00,13.2,15.9,13.2,15.9
2023-07-30 06:00:00,2023-07-30 06:00:00,15.8,21.8,15.8,21.8
2023-07-30 12:00:00,2023-07-30 12:00:00,18.3,25.8,18.3,25.6
2023-07-30 18:00:00,2023-07-30 18:00:00,18.5,17.3,18.5,17.3
2023-07-31 00:00:00,2023-07-31 00:00:00,13.1,16.4,13.1,16.4
2023-07-31 06:00:00,2023-07-31 06:00:00,18.8,17.1,18.8,17.1
2023-07-31 12:00:00,2023-07-31 12:00:00,18.4,19.7,18.4,19.7
2023-07-31 18:00:00,2023-07-31 18:00:00,21.1,19.5,21.1,19.5
2023-08-01 00:00:00,2023-08-01 00:00:00,14.8,15.4,14.8,15.4
2023-08-01 06:00:00,2023-08-01 06:00:00,18.9,16.2,18.9,16.2
2023-08-01 12:00:00,2023-08-01 12:00:00,24.8,19.2,24.5,19.2
2023-08-02 12:00:00,2023-08-02 12:00:00,21.7,19.1,21.7,19.1
2023-08-02 18:00:00,2023-08-02 18:00:00,20.6,17.6,20.6,17.6
2023-08-03 00:00:00,2023-08-03 00:00:00,15,16.4,15,16.4
2023-08-03 06:00:00,2023-08-03 06:00:00,19.6,16.1,19.6,16.1
2023-08-03 12:00:00,2023-08-03 12:00:00,25,19.8,24.9,19.8
2023-08-03 18:00:00,2023-08-03 18:00:00,18.3,17.3,18.3,17.3
2023-08-04 00:00:00,2023-08-04 00:00:00,14.3,13.9,14.3,13.9
2023-08-05 18:00:00,2023-08-05 18:00:00,19.4,19.9,19.4,19.9
2023-08-06 00:00:00,2023-08-06 00:00:00,19.3,19.1,19.3,19.1
2023-08-06 06:00:00,2023-08-06 06:00:00,23.7,19.2,24.1,19.2
2023-08-06 12:00:00,2023-08-06 12:00:00,32.2,20.6,32.4,20.6
2023-08-06 18:00:00,2023-08-06 18:00:00,28.8,21.2,29.4,21.2
2023-08-07 00:00:00,2023-08-07 00:00:00,25.3,19.5,25.6,19.5
2023-08-07 06:00:00,2023-08-07 06:00:00,24,16.7,24.4,16.7
2023-08-08 12:00:00,2023-08-08 12:00:00,16.8,19.6,16.8,19.6
2023-08-08 18:00:00,2023-08-08 18:00:00,15.1,15.4,15.1,15.4
2023-08-09 00:00:00,2023-08-09 00:00:00,9.7,11.6,9.7,11.6
2023-08-09 06:00:00,2023-08-09 06:00:00,14.3,14.3,14.3,14.3
2023-08-09 12:00:00,2023-08-09 12:00:00,18.8,20.8,18.8,20.8
2023-08-09 18:00:00,2023-08-09 18:00:00,16.2,17.3,16.2,17.3
2023-08-10 00:00:00,2023-08-10 00:00:00,13.3,13.8,13.3,13.8
2023-08-10 06:00:00,2023-08-10 06:00:00,14,18.3,14,18.3
2023-08-10 12:00:00,2023-08-10 12:00:00,20,23.6,20,23.6
2023-08-10 18:00:00,2023-08-10 18:00:00,17.1,13.6,17.1,13.6
2023-08-11 00:00:00,2023-08-11 00:00:00,14.4,11.6,14.4,11.6
2023-08-11 06:00:00,2023-08-11 06:00:00,14.8,10.8,14.8,10.8
2023-08-11 12:00:00,2023-08-11 12:00:00,20.5,16.9,20.5,16.9
2023-08-12 18:00:00,2023-08-12 18:00:00,18.8,16.3,18.8,16.3
2023-08-13 00:00:00,2023-08-13 00:00:00,10.8,16,10.8,16
2023-08-13 06:00:00,2023-08-13 06:00:00,17.9,16.3,17.9,16.3
2023-08-13 12:00:00,2023-08-13 12:00:00,25.5,17.1,25.3,17.1
2023-08-13 18:00:00,2023-08-13 18:00:00,22,17.1,22,17.1
2023-08-14 00:00:00,2023-08-14 00:00:00,18.1,13.2,18.1,13.2
2023-08-14 12:00:00,2023-08-14 12:00:00,23.1,22.9,22.7,22.9
2023-08-14 18:00:00,2023-08-14 18:00:00,20,18.1,20,18.1
2023-08-15 00:00:00,2023-08-15 00:00:00,15.3,13.4,15.3,13.4
2023-08-15 06:00:00,2023-08-15 06:00:00,20.4,17.9,20.4,17.9
2023-08-15 12:00:00,2023-08-15 12:00:00,29.7,28.9,30.8,30.6
2023-08-15 18:00:00,2023-08-15 18:00:00,26.7,23,28.1,23.6
2023-08-16 00:00:00,2023-08-16 00:00:00,21.1,20.7,21.1,20.7
2023-08-16 06:00:00,2023-08-16 06:00:00,24.2,23.1,24.5,23.7
2023-08-17 12:00:00,2023-08-17 12:00:00,31.7,27.5,32,28.8
2023-08-17 18:00:00,2023-08-17 18:00:00,26.9,19.8,28,19.8
2023-08-18 00:00:00,2023-08-18 00:00:00,21.1,19.2,21.1,19.2
2023-08-18 06:00:00,2023-08-18 06:00:00,24.4,18.4,24.7,18.4
2023-08-18 12:00:00,2023-08-18 12:00:00,30.7,22.5,30.7,22.5
2023-08-18 18:00:00,2023-08-18 18:00:00,25.1,20.4,25.2,20.4
2023-08-19 00:00:00,2023-08-19 00:00:00,21.2,18.8,21.2,18.8
2023-08-19 06:00:00,2023-08-19 06:00:00,22.1,19.5,22.1,19.5
2023-08-19 18:00:00,2023-08-19 18:00:00,23.9,19.8,24.1,19.8
2023-08-20 00:00:00,2023-08-20 00:00:00,19.8,18.1,19.8,18.1
2023-08-20 06:00:00,2023-08-20 06:00:00,21.5,17.9,21.5,17.9
2023-08-20 12:00:00,2023-08-20 12:00:00,28.7,21.8,29.2,21.8
2023-08-20 18:00:00,2023-08-20 18:00:00,24.2,24.3,24.3,24.7
2023-08-21 00:00:00,2023-08-21 00:00:00,18.2,18.8,18.2,18.8
2023-08-21 06:00:00,2023-08-21 06:00:00,20.9,19.8,20.9,19.8
2023-08-21 12:00:00,2023-08-21 12:00:00,21,23.8,21,23.6
2023-08-22 12:00:00,2023-08-22 12:00:00,22.1,22,22.1,22
2023-08-22 18:00:00,2023-08-22 18:00:00,18.6,17.9,18.6,17.9
2023-08-23 00:00:00,2023-08-23 00:00:00,12.7,14.8,12.7,14.8
2023-08-23 06:00:00,2023-08-23 06:00:00,16.4,16.3,16.4,16.3
2023-08-23 12:00:00,2023-08-23 12:00:00,22.8,23.4,22.8,22.9
2023-08-23 18:00:00,2023-08-23 18:00:00,19.1,19.1,19.1,19.1
2023-08-24 00:00:00,2023-08-24 00:00:00,13.2,13.9,13.2,13.9
2023-08-24 06:00:00,2023-08-24 06:00:00,14.1,18.2,14.1,18.2
2023-08-24 12:00:00,2023-08-24 12:00:00,20.6,24.3,20.6,23.8
2023-08-24 18:00:00,2023-08-24 18:00:00,18,18.7,18,18.7
2023-08-25 00:00:00,2023-08-25 00:00:00,12.9,14.4,12.9,14.4
2023-08-25 06:00:00,2023-08-25 06:00:00,14.2,15,14.2,15
2023-08-25 12:00:00,2023-08-25 12:00:00,23,22,22.7,22
2023-08-25 18:00:00,2023-08-25 18:00:00,21.3,18.9,21.3,18.9
2023-08-26 00:00:00,2023-08-26 00:00:00,18.4,14.1,18.4,14.1
2023-08-26 06:00:00,2023-08-26 06:00:00,19.3,17.1,19.3,17.1
2023-08-26 12:00:00,2023-08-26 12:00:00,27.7,19,28.5,19
2023-08-26 18:00:00,2023-08-26 18:00:00,18.7,17.3,18.7,17.3
2023-08-27 00:00:00,2023-08-27 00:00:00,17.5,15.9,17.5,15.9
2023-08-27 06:00:00,2023-08-27 06:00:00,18.8,16.8,18.8,16.8
2023-08-27 12:00:00,2023-08-27 12:00:00,23.9,19.8,24.1,19.8
2023-08-27 18:00:00,2023-08-27 18:00:00,21.5,15.5,21.5,15.5
2023-08-28 00:00:00,2023-08-28 00:00:00,20.5,14.4,20.5,14.4
2023-08-28 06:00:00,2023-08-28 06:00:00,21.4,14.3,21.4,14.3
2023-08-28 12:00:00,2023-08-28 12:00:00,21.9,19.7,21.9,19.7
2023-08-28 18:00:00,2023-08-28 18:00:00,17.3,15.4,17.3,15.4
2023-08-29 00:00:00,2023-08-29 00:00:00,14.8,13.4,14.8,13.4
2023-08-29 06:00:00,2023-08-29 06:00:00,16.3,14.9,16.3,14.9
2023-08-29 12:00:00,2023-08-29 12:00:00,20.7,23.6,20.7,23.5
2023-08-29 18:00:00,2023-08-29 18:00:00,20.6,21.9,20.6,21.9
2023-08-30 00:00:00,2023-08-30 00:00:00,20.7,19.8,20.7,19.8
2023-08-30 12:00:00,2023-08-30 12:00:00,26.1,27.1,26.2,28.4
2023-08-30 18:00:00,2023-08-30 18:00:00,19.4,20.1,19.4,20.1
2023-08-31 00:00:00,2023-08-31 00:00:00,18.2,20.1,18.2,20.1
2023-08-31 06:00:00,2023-08-31 06:00:00,17.9,21,17.9,21
2023-09-02 18:00:00,2023-09-02 18:00:00,15.4,14.9,15.4,14.9
2023-09-03 00:00:00,2023-09-03 00:00:00,10.5,14.2,10.5,14.2
2023-09-03 06:00:00,2023-09-03 06:00:00,12.9,15.8,12.9,15.8
2023-09-03 12:00:00,2023-09-03 12:00:00,20.4,23,20.4,22.5
2023-09-03 18:00:00,2023-09-03 18:00:00,17.1,15.1,17.1,15.1
2023-09-04 00:00:00,2023-09-04 00:00:00,10.1,12.1,10.1,12.1
2023-09-04 06:00:00,2023-09-04 06:00:00,13.7,16.1,13.7,16.1
2023-09-04 12:00:00,2023-09-04 12:00:00,19.5,19.3,19.5,19.3
2023-09-04 18:00:00,2023-09-04 18:00:00,13.9,14.2,13.9,14.2
2023-09-05 00:00:00,2023-09-05 00:00:00,11.4,11.3,11.4,11.3
2023-09-05 06:00:00,2023-09-05 06:00:00,13.5,13,13.5,13
2023-09-05 12:00:00,2023-09-05 12:00:00,23,20.9,22.7,20.9
2023-09-05 18:00:00,2023-09-05 18:00:00,19.1,15.6,19.1,15.6
2023-09-06 00:00:00,2023-09-06 00:00:00,15.4,13.3,15.4,13.3
2023-09-06 06:00:00,2023-09-06 06:00:00,17.3,14.1,17.3,14.1
2023-09-06 12:00:00,2023-09-06 12:00:00,21.1,16.4,21.1,16.4
2023-09-06 18:00:00,2023-09-06 18:00:00,16.9,11.7,16.9,11.7
2023-09-07 00:00:00,2023-09-07 00:00:00,11.9,9.8,11.9,9.8
2023-09-07 06:00:00,2023-09-07 06:00:00,13.8,14.1,13.8,14.1
2023-09-07 12:00:00,2023-09-07 12:00:00,20.9,19.9,20.9,19.9
2023-09-07 18:00:00,2023-09-07 18:00:00,14.2,13.3,14.2,13.3
2023-09-08 00:00:00,2023-09-08 00:00:00,8.6,11.3,8.6,11.3
2023-09-09 12:00:00,2023-09-09 12:00:00,23.2,23.1,22.6,22.9
2023-09-09 18:00:00,2023-09-09 18:00:00,16.9,18,16.9,18
2023-09-10 00:00:00,2023-09-10 00:00:00,12.4,14.5,12.4,14.5
2023-09-10 06:00:00,2023-09-10 06:00:00,14,17.1,14,17.1
2023-09-10 12:00:00,2023-09-10 12:00:00,22.8,22.4,22.8,22.4
2023-09-10 18:00:00,2023-09-10 18:00:00,16.8,17.2,16.8,17.2
2023-09-11 00:00:00,2023-09-11 00:00:00,14.1,13.7,14.1,13.7
2023-09-11 06:00:00,2023-09-11 06:00:00,14.8,16.5,14.8,16.5
2023-09-11 12:00:00,2023-09-11 12:00:00,25,23.8,24.8,23.5
2023-09-11 18:00:00,2023-09-11 18:00:00,18.8,18.5,18.8,18.5
2023-09-12 00:00:00,2023-09-12 00:00:00,14.3,15.8,14.3,15.8
2023-09-12 06:00:00,2023-09-12 06:00:00,15.7,16.1,15.7,16.1
2023-09-12 12:00:00,2023-09-12 12:00:00,26,23.5,25.9,23.1
2023-09-13 12:00:00,2023-09-13 12:00:00,26.9,24.5,27,24.2
2023-09-13 18:00:00,2023-09-13 18:00:00,21,19.2,21,19.2
2023-09-14 00:00:00,2023-09-14 00:00:00,17.6,17.6,17.6,17.6
2023-09-14 06:00:00,2023-09-14 06:00:00,16.1,16.8,16.1,16.8
2023-09-14 12:00:00,2023-09-14 12:00:00,16.3,19.3,16.3,19.3
2023-09-14 18:00:00,2023-09-14 18:00:00,15.3,14.6,15.3,14.6
2023-09-15 00:00:00,2023-09-15 00:00:00,9.2,9.9,9.2,9.9
2023-09-15 06:00:00,2023-09-15 06:00:00,8.9,12.3,8.9,12.3
2023-09-15 12:00:00,2023-09-15 12:00:00,17.7,17.4,17.7,17.4
2023-09-15 18:00:00,2023-09-15 18:00:00,11.9,13.5,11.9,13.5
2023-09-16 00:00:00,2023-09-16 00:00:00,6.8,9.9,6.8,9.9
2023-09-16 06:00:00,2023-09-16 06:00:00,10.7,10.5,10.7,10.5
2023-09-16 12:00:00,2023-09-16 12:00:00,19.3,21.8,19.3,21.8
2023-09-16 18:00:00,2023-09-16 18:00:00,13.9,17.8,13.9,17.8
2023-09-17 00:00:00,2023-09-17 00:00:00,9.7,17.1,9.7,17.1
2023-09-17 06:00:00,2023-09-17 06:00:00,12.6,17.7,12.6,17.7
2023-09-17 18:00:00,2023-09-17 18:00:00,15.9,16.1,15.9,16.1
2023-09-18 00:00:00,2023-09-18 00:00:00,12.7,10.5,12.7,10.5
2023-09-18 06:00:00,2023-09-18 06:00:00,14.5,10.6,14.5,10.6
2023-09-18 12:00:00,2023-09-18 12:00:00,24,14.9,24,14.9
2023-09-18 18:00:00,2023-09-18 18:00:00,20.1,15.1,20.1,15.1
2023-09-19 00:00:00,2023-09-19 00:00:00,17,14.1,17,14.1
2023-09-19 06:00:00,2023-09-19 06:00:00,17.1,15.6,17.1,15.6
2023-09-19 12:00:00,2023-09-19 12:00:00,23.6,18.4,23.4,18.4
2023-09-19 18:00:00,2023-09-19 18:00:00,18.2,16.7,18.2,16.7
2023-09-20 00:00:00,2023-09-20 00:00:00,16.4,16.6,16.4,16.6
2023-09-20 06:00:00,2023-09-20 06:00:00,15,16.9,15,16.9
2023-09-20 12:00:00,2023-09-20 12:00:00,21.5,19.7,21.5,19.7
2023-09-21 12:00:00,2023-09-21 12:00:00,23.7,22.7,23.2,22.7
2023-09-21 18:00:00,2023-09-21 18:00:00,17.5,17.6,17.5,17.6
2023-09-22 00:00:00,2023-09-22 00:00:00,15.9,15.7,15.9,15.7
2023-09-22 06:00:00,2023-09-22 06:00:00,16.5,17.1,16.5,17.1
2023-09-22 12:00:00,2023-09-22 12:00:00,25.8,25,25.6,24.9
2023-09-22 18:00:00,2023-09-22 18:00:00,21.8,21.8,21.8,21.8
2023-09-23 00:00:00,2023-09-23 00:00:00,18.4,19.7,18.4,19.7
2023-09-23 06:00:00,2023-09-23 06:00:00,17.9,18.3,17.9,18.3
2023-09-23 18:00:00,2023-09-23 18:00:00,18.2,15.1,18.2,15.1
2023-09-24 00:00:00,2023-09-24 00:00:00,14.4,13.7,14.4,13.7
2023-09-24 06:00:00,2023-09-24 06:00:00,14,14.4,14,14.4
2023-09-24 12:00:00,2023-09-24 12:00:00,18,17.7,18,17.7
2023-09-25 12:00:00,2023-09-25 12:00:00,17.6,17.8,17.6,17.8
2023-09-25 18:00:00,2023-09-25 18:00:00,10.8,12.8,10.8,12.8
2023-09-26 00:00:00,2023-09-26 00:00:00,8.3,7.7,8.3,7.7
2023-09-26 06:00:00,2023-09-26 06:00:00,11.9,11.3,11.9,11.3
2023-09-26 12:00:00,2023-09-26 12:00:00,21.5,20.6,21.5,20.6
2023-09-26 18:00:00,2023-09-26 18:00:00,16.4,16,16.4,16
2023-09-27 00:00:00,2023-09-27 00:00:00,13.4,15.1,13.4,15.1
2023-09-27 06:00:00,2023-09-27 06:00:00,14,15.9,14,15.9
2023-09-27 12:00:00,2023-09-27 12:00:00,24.1,19.8,23.9,19.8
2023-09-27 18:00:00,2023-09-27 18:00:00,18.3,14,18.3,14
2023-09-28 00:00:00,2023-09-28 00:00:00,13.8,12.8,13.8,12.8
2023-09-28 06:00:00,2023-09-28 06:00:00,14.1,14.6,14.1,14.6
2023-09-28 12:00:00,2023-09-28 12:00:00,24.2,22.6,23.9,22.6
2023-09-28 18:00:00,2023-09-28 18:00:00,17.5,16.5,17.5,16.5
2023-09-29 00:00:00,2023-09-29 00:00:00,13,13.7,13,13.7
2023-09-29 12:00:00,2023-09-29 12:00:00,24.3,21.1,23.9,21.1
2023-09-29 18:00:00,2023-09-29 18:00:00,17.2,18.4,17.2,18.4
2023-09-30 00:00:00,2023-09-30 00:00:00,13.3,13.4,13.3,13.4
2023-09-30 06:00:00,2023-09-30 06:00:00,14,13,14,13
2023-09-30 12:00:00,2023-09-30 12:00:00,18.1,17.9,18.1,17.9
2023-09-30 18:00:00,2023-09-30 18:00:00,12.7,13.5,12.7,13.5
2023-10-01 00:00:00,2023-10-01 00:00:00,10.4,10.3,10.4,10.3
2023-10-01 06:00:00,2023-10-01 06:00:00,11.1,10.9,11.1,10.9
2023-10-01 12:00:00,2023-10-01 12:00:00,15.7,17.4,15.7,17.4
2023-10-01 18:00:00,2023-10-01 18:00:00,11.7,13.9,11.7,13.9
2023-10-02 00:00:00,2023-10-02 00:00:00,7.8,9.6,7.8,9.6
2023-10-02 06:00:00,2023-10-02 06:00:00,8.7,9.2,8.7,9.2
2023-10-02 12:00:00,2023-10-02 12:00:00,16.9,15.7,16.9,15.7
2023-10-02 18:00:00,2023-10-02 18:00:00,14.1,11.8,14.1,11.8
2023-10-03 00:00:00,2023-10-03 00:00:00,13.4,10.2,13.4,10.2
2023-10-03 06:00:00,2023-10-03 06:00:00,14,11.5,14,11.5
2023-10-03 12:00:00,2023-10-03 12:00:00,22.6,13.2,22.6,13.2
2023-10-03 18:00:00,2023-10-03 18:00:00,18.9,10.6,18.9,10.6
2023-10-04 00:00:00,2023-10-04 00:00:00,16.9,9.9,16.9,9.9
2023-10-04 06:00:00,2023-10-04 06:00:00,12.3,12.3,12.3,12.3
2023-10-04 12:00:00,2023-10-04 12:00:00,14.7,12.5,14.7,12.5
2023-10-04 18:00:00,2023-10-04 18:00:00,10.8,10.5,10.8,10.5
2023-10-05 00:00:00,2023-10-05 00:00:00,9.9,8.4,9.9,8.4
2023-10-05 06:00:00,2023-10-05 06:00:00,9.8,7.9,9.8,7.9
2023-10-05 12:00:00,2023-10-05 12:00:00,13.2,12.4,13.2,12.4
2023-10-05 18:00:00,2023-10-05 18:00:00,10.7,6.5,10.7,6.5
2023-10-06 00:00:00,2023-10-06 00:00:00,8.9,4.8,8.9,2.3
2023-10-06 12:00:00,2023-10-06 12:00:00,12.2,14.7,12.2,14.7
2023-10-06 18:00:00,2023-10-06 18:00:00,10.7,11.4,10.7,11.4
2023-10-07 00:00:00,2023-10-07 00:00:00,11.9,12.4,11.9,12.4
2023-10-07 06:00:00,2023-10-07 06:00:00,13,12.5,13,12.5
2023-10-07 12:00:00,2023-10-07 12:00:00,11.3,12.4,11.3,12.4
2023-10-07 18:00:00,2023-10-07 18:00:00,6.9,14.2,6.9,14.2
2023-10-08 00:00:00,2023-10-08 00:00:00,5.6,14.7,5.6,14.7
2023-10-08 06:00:00,2023-10-08 06:00:00,5.5,15.4,5.5,15.4
2023-10-09 12:00:00,2023-10-09 12:00:00,7.6,18.8,7.6,18.8
2023-10-09 18:00:00,2023-10-09 18:00:00,4.1,12.6,2.4,12.6
2023-10-10 00:00:00,2023-10-10 00:00:00,2,10.6,0.2,10.6
2023-10-10 06:00:00,2023-10-10 06:00:00,-0.3,9.8,-0.3,9.8
2023-10-10 12:00:00,2023-10-10 12:00:00,10.8,6.8,10.8,6.8
2023-10-10 18:00:00,2023-10-10 18:00:00,4.5,2.6,3.1,0.6
2023-10-11 00:00:00,2023-10-11 00:00:00,3.7,2.6,1.5,-1.1
2023-10-11 06:00:00,2023-10-11 06:00:00,5,6,1.9,6
2023-10-11 12:00:00,2023-10-11 12:00:00,10.4,12.6,10.4,12.6
2023-10-11 18:00:00,2023-10-11 18:00:00,12.8,12.3,12.8,12.3
2023-10-12 00:00:00,2023-10-12 00:00:00,15.9,7.8,15.9,7.8
2023-10-12 06:00:00,2023-10-12 06:00:00,12.1,15.1,12.1,15.1
2023-10-12 12:00:00,2023-10-12 12:00:00,12.8,12,12.8,12
2023-10-12 18:00:00,2023-10-12 18:00:00,10.6,10.4,10.6,10.4
2023-10-13 00:00:00,2023-10-13 00:00:00,7.7,8,7.7,8
2023-10-13 18:00:00,2023-10-13 18:00:00,10.3,9.3,10.3,9.3
2023-10-14 00:00:00,2023-10-14 00:00:00,14.1,6.9,14.1,6.9
2023-10-14 06:00:00,2023-10-14 06:00:00,15.2,7.8,15.2,7.8
2023-10-14 12:00:00,2023-10-14 12:00:00,19.2,9.3,19.2,9.3
2023-10-14 18:00:00,2023-10-14 18:00:00,11,14.5,11,14.5
2023-10-15 00:00:00,2023-10-15 00:00:00,8.2,9.3,8.2,9.3
2023-10-15 06:00:00,2023-10-15 06:00:00,5.8,8.5,5.8,8.5
2023-10-16 12:00:00,2023-10-16 12:00:00,8,6.8,8,6.8
2023-10-16 18:00:00,2023-10-16 18:00:00,4.9,4.8,2.2,1.6
2023-10-17 00:00:00,2023-10-17 00:00:00,1.8,2.5,-0.8,-1.2
2023-10-17 06:00:00,2023-10-17 06:00:00,2.1,2.7,2.1,-0.3
2023-10-17 12:00:00,2023-10-17 12:00:00,10.6,8.7,10.6,8.7
2023-10-17 18:00:00,2023-10-17 18:00:00,7.9,6.7,7.9,6.7
2023-10-18 00:00:00,2023-10-18 00:00:00,6.6,6.5,6.6,6.5
2023-10-18 06:00:00,2023-10-18 06:00:00,4.9,5.3,1.8,5.3
2023-10-18 12:00:00,2023-10-18 12:00:00,5.2,9.4,5.2,9.4
2023-10-18 18:00:00,2023-10-18 18:00:00,5.7,4.4,5.7,1.1
2023-10-19 00:00:00,2023-10-19 00:00:00,1.6,1.3,1.6,-1.9
2023-10-19 06:00:00,2023-10-19 06:00:00,2.6,0.7,2.6,-2.7
2023-10-19 12:00:00,2023-10-19 12:00:00,4.5,4.4,4.5,0.6
2023-10-19 18:00:00,2023-10-19 18:00:00,2.3,0.9,0.7,-3.2
2023-10-20 00:00:00,2023-10-20 00:00:00,1,-2.5,-1.5,-6.5
2023-10-20 06:00:00,2023-10-20 06:00:00,0.8,-1.2,-2.5,-4.9
2023-10-20 12:00:00,2023-10-20 12:00:00,2.1,3.4,-1.1,-0.7
2023-10-20 18:00:00,2023-10-20 18:00:00,2.4,1.6,-1.3,-1.6
2023-10-21 00:00:00,2023-10-21 00:00:00,2.3,-2.4,-1.2,-6.4
2023-10-21 06:00:00,2023-10-21 06:00:00,3.2,-2.9,-0.5,-7
2023-10-21 12:00:00,2023-10-21 12:00:00,5.2,2.9,5.2,-1.3
2023-10-21 18:00:00,2023-10-21 18:00:00,5.8,-1.4,5.8,-6
2023-10-22 00:00:00,2023-10-22 00:00:00,6.5,-3.4,6.5,-8.5
2023-10-22 06:00:00,2023-10-22 06:00:00,7.2,-3.7,7.2,-9.5
2023-10-23 06:00:00,2023-10-23 06:00:00,6.8,6.8,6.8,6.8
2023-10-23 12:00:00,2023-10-23 12:00:00,9.5,7.7,9.5,7.7
2023-10-23 18:00:00,2023-10-23 18:00:00,9.8,7,9.8,7
2023-10-24 00:00:00,2023-10-24 00:00:00,9,5.9,9,5.9
2023-10-24 12:00:00,2023-10-24 12:00:00,9.6,10,9.6,10
2023-10-24 18:00:00,2023-10-24 18:00:00,4.3,7.9,4.3,7.9
2023-10-25 00:00:00,2023-10-25 00:00:00,6,7,6,7
2023-10-25 06:00:00,2023-10-25 06:00:00,6.8,6.4,6.8,6.4
2023-10-25 12:00:00,2023-10-25 12:00:00,6.9,11,6.9,11
2023-10-25 18:00:00,2023-10-25 18:00:00,5.8,9.4,5.8,9.4
2023-10-26 00:00:00,2023-10-26 00:00:00,2.6,8.8,-0.4,8.8
2023-10-27 12:00:00,2023-10-27 12:00:00,3.7,3.7,3.7,3.7
2023-10-27 18:00:00,2023-10-27 18:00:00,3,3.3,1.1,1.4
2023-10-28 00:00:00,2023-10-28 00:00:00,1.6,3.7,-1,1.8
2023-10-28 06:00:00,2023-10-28 06:00:00,1.3,3.9,-1.5,3.9
2023-10-28 12:00:00,2023-10-28 12:00:00,1.3,7.3,-1.9,7.3
2023-10-28 18:00:00,2023-10-28 18:00:00,0.8,5.9,-2,5.9
2023-10-29 00:00:00,2023-10-29 00:00:00,0.6,6.4,0.6,6.4
2023-10-29 06:00:00,2023-10-29 06:00:00,-1.6,5.6,-1.6,5.6
2023-10-29 12:00:00,2023-10-29 12:00:00,3.4,10.5,0.2,10.5
2023-10-29 18:00:00,2023-10-29 18:00:00,1.8,8.3,-3,8.3
2023-10-30 00:00:00,2023-10-30 00:00:00,7,6.8,7,6.8
2023-10-30 06:00:00,2023-10-30 06:00:00,9.2,8.4,9.2,8.4
2023-10-30 12:00:00,2023-10-30 12:00:00,13.6,14,13.6,14
2023-10-30 18:00:00,2023-10-30 18:00:00,10.6,12.9,10.6,12.9
2023-10-31 00:00:00,2023-10-31 00:00:00,6,11.3,6,11.3
2023-10-31 12:00:00,2023-10-31 12:00:00,14.3,10.5,14.3,10.5
2023-10-31 18:00:00,2023-10-31 18:00:00,14.6,6.2,14.6,6.2
2023-11-01 00:00:00,2023-11-01 00:00:00,11.6,3.7,11.6,0.3
2023-11-01 06:00:00,2023-11-01 06:00:00,9.1,2.8,9.1,0.8
2023-11-01 12:00:00,2023-11-01 12:00:00,7.7,6.1,7.7,6.1
2023-11-01 18:00:00,2023-11-01 18:00:00,6.5,0.4,6.5,-5.4
2023-11-02 00:00:00,2023-11-02 00:00:00,4.8,-1.5,4.8,-7.4
2023-11-02 06:00:00,2023-11-02 06:00:00,0.6,5.7,-1.1,5.7
2023-11-02 12:00:00,2023-11-02 12:00:00,9.9,2.1,9.9,-1
2023-11-02 18:00:00,2023-11-02 18:00:00,6.3,0.8,6.3,-3.3
2023-11-03 00:00:00,2023-11-03 00:00:00,6.6,-2,6.6,-7.4
2023-11-03 06:00:00,2023-11-03 06:00:00,5.4,-3.1,5.4,-8.1
2023-11-03 12:00:00,2023-11-03 12:00:00,9.7,-0.5,9.7,-3
2023-11-03 18:00:00,2023-11-03 18:00:00,11.3,9.8,11.3,9.8
2023-11-04 00:00:00,2023-11-04 00:00:00,8.5,10.2,8.5,10.2
2023-11-04 06:00:00,2023-11-04 06:00:00,10.5,10.5,10.5,10.5
2023-11-04 18:00:00,2023-11-04 18:00:00,6.5,8,6.5,8
2023-11-05 00:00:00,2023-11-05 00:00:00,3.7,8.3,3.7,8.3
2023-11-05 06:00:00,2023-11-05 06:00:00,3.1,7.6,0.6,7.6
2023-11-05 12:00:00,2023-11-05 12:00:00,9.5,12.2,9.5,12.2
2023-11-05 18:00:00,2023-11-05 18:00:00,9.4,10.7,9.4,10.7
2023-11-06 00:00:00,2023-11-06 00:00:00,7.4,10.1,7.4,10.1
2023-11-06 06:00:00,2023-11-06 06:00:00,7,10.5,7,10.5
2023-11-06 12:00:00,2023-11-06 12:00:00,9.6,8.9,9.6,8.9
2023-11-06 18:00:00,2023-11-06 18:00:00,8.8,8.6,8.8,8.6
2023-11-07 00:00:00,2023-11-07 00:00:00,8.5,8,8.5,8
2023-11-07 06:00:00,2023-11-07 06:00:00,7.4,6.7,7.4,6.7
2023-11-07 18:00:00,2023-11-07 18:00:00,7.5,7.6,7.5,7.6
2023-11-08 00:00:00,2023-11-08 00:00:00,6.9,4.3,6.9,1
2023-11-08 06:00:00,2023-11-08 06:00:00,5.5,3.1,5.5,-0.5
2023-11-08 12:00:00,2023-11-08 12:00:00,8.8,7,8.8,7
2023-11-08 18:00:00,2023-11-08 18:00:00,6.6,4.9,6.6,1.7
2023-11-09 00:00:00,2023-11-09 00:00:00,4.4,3.8,2.7,0.4
2023-11-09 06:00:00,2023-11-09 06:00:00,5.9,3.1,5.9,-0.5
2023-11-09 12:00:00,2023-11-09 12:00:00,8.6,7.1,8.6,7.1
2023-11-09 18:00:00,2023-11-09 18:00:00,4.2,5.4,1.5,5.4
2023-11-10 00:00:00,2023-11-10 00:00:00,5.3,3.8,5.3,0.4
2023-11-10 06:00:00,2023-11-10 06:00:00,2.8,3,-0.4,-1.2
2023-11-10 12:00:00,2023-11-10 12:00:00,7.2,4.1,7.2,0.2
2023-11-10 18:00:00,2023-11-10 18:00:00,5.7,6.1,5.7,6.1
2023-11-11 00:00:00,2023-11-11 00:00:00,5.3,5.5,5.3,5.5
2023-11-11 06:00:00,2023-11-11 06:00:00,4,5,2.1,3.4
2023-11-11 18:00:00,2023-11-11 18:00:00,5.5,5.7,5.5,5.7
2023-11-12 00:00:00,2023-11-12 00:00:00,5.8,5.4,5.8,5.4
2023-11-12 06:00:00,2023-11-12 06:00:00,5,4.6,3.5,1.4
2023-11-12 12:00:00,2023-11-12 12:00:00,5.1,2.7,5.1,-1.5
2023-11-12 18:00:00,2023-11-12 18:00:00,5.3,3.1,5.3,-2.9
2023-11-13 00:00:00,2023-11-13 00:00:00,5.6,1,5.6,-6
2023-11-13 12:00:00,2023-11-13 12:00:00,5.2,2.8,5.2,-2.3
2023-11-13 18:00:00,2023-11-13 18:00:00,3.7,2.7,0.3,-2
2023-11-14 00:00:00,2023-11-14 00:00:00,3,2.5,1.3,-1.8
2023-11-14 06:00:00,2023-11-14 06:00:00,1.9,2.3,-1.1,-1.5
2023-11-14 12:00:00,2023-11-14 12:00:00,4.1,3.1,2.9,3.1
2023-11-14 18:00:00,2023-11-14 18:00:00,3.9,2.1,3.9,-1
2023-11-15 00:00:00,2023-11-15 00:00:00,3.2,1.5,3.2,-0.7
2023-11-15 06:00:00,2023-11-15 06:00:00,3.1,1.4,0.3,-1.8
2023-11-15 12:00:00,2023-11-15 12:00:00,3.3,4.2,0.9,0.3
2023-11-15 18:00:00,2023-11-15 18:00:00,1.4,1.3,-1.5,1.3
2023-11-16 00:00:00,2023-11-16 00:00:00,0.2,0.9,-2.2,0.9
2023-11-16 06:00:00,2023-11-16 06:00:00,0.4,0.7,-1.9,-2.7
2023-11-16 12:00:00,2023-11-16 12:00:00,1.4,2.8,1.4,-1.4
2023-11-16 18:00:00,2023-11-16 18:00:00,0.7,-2.9,0.7,-5.8
2023-11-17 00:00:00,2023-11-17 00:00:00,0.3,-1.9,-1.4,-1.9
2023-11-17 06:00:00,2023-11-17 06:00:00,-0.2,-2.3,-2,-5.1
2023-11-17 18:00:00,2023-11-17 18:00:00,-0.5,-0.4,-2.8,-5.4
2023-11-18 00:00:00,2023-11-18 00:00:00,-2.8,-1.9,-5.3,-6.6
2023-11-18 06:00:00,2023-11-18 06:00:00,-2.3,-2.4,-4.8,-7.2
2023-11-18 12:00:00,2023-11-18 12:00:00,-0.3,-1,-2.3,-5.5
2023-11-18 18:00:00,2023-11-18 18:00:00,-0.8,-1.5,-3,-4.2
2023-11-19 00:00:00,2023-11-19 00:00:00,-1.1,-3.1,-1.1,-6.1
2023-11-19 06:00:00,2023-11-19 06:00:00,-1.7,0.3,-1.7,-3.9
2023-11-19 12:00:00,2023-11-19 12:00:00,-0.7,1.1,-4,-4.1
2023-11-20 18:00:00,2023-11-20 18:00:00,-2.6,4.3,-4.9,2.5
2023-11-21 00:00:00,2023-11-21 00:00:00,-4.9,1.6,-4.9,-2.3
2023-11-21 06:00:00,2023-11-21 06:00:00,-4,-1.5,-4,-6.8
2023-11-21 12:00:00,2023-11-21 12:00:00,-2.4,-1.3,-6.3,-6.5
2023-11-21 18:00:00,2023-11-21 18:00:00,-3,0.1,-6.1,-3.4
2023-11-22 00:00:00,2023-11-22 00:00:00,-5.5,1,-9.3,-2.3
2023-11-22 06:00:00,2023-11-22 06:00:00,-7.5,2.6,-11.2,-0.4
2023-11-22 12:00:00,2023-11-22 12:00:00,-4,1,-4,-3.7
2023-11-22 18:00:00,2023-11-22 18:00:00,-7.8,-2.7,-11.2,-8.3
2023-11-23 00:00:00,2023-11-23 00:00:00,-5.2,-2.8,-11.2,-6.9
2023-11-23 06:00:00,2023-11-23 06:00:00,-3.3,-0.2,-9.8,-5.7
2023-11-23 12:00:00,2023-11-23 12:00:00,0.5,4.6,-4.6,0
2023-11-23 18:00:00,2023-11-23 18:00:00,4.3,2.9,0.4,-1.3
2023-11-24 00:00:00,2023-11-24 00:00:00,1.3,1.3,-3.9,-0.9
2023-11-24 18:00:00,2023-11-24 18:00:00,0.4,0,-3.7,-4.9
2023-11-25 00:00:00,2023-11-25 00:00:00,-0.5,-0.7,-3.8,-5.8
2023-11-25 06:00:00,2023-11-25 06:00:00,-1,-3.6,-4.7,-7.8
2023-11-25 12:00:00,2023-11-25 12:00:00,-0.1,-3.4,-3.4,-3.4
2023-11-25 18:00:00,2023-11-25 18:00:00,-1,-0.8,-1,-5.9
2023-11-26 00:00:00,2023-11-26 00:00:00,-2.7,-1.2,-7.1,-5.8
2023-11-26 06:00:00,2023-11-26 06:00:00,-4.5,0.1,-8.7,-2.3
2023-11-26 12:00:00,2023-11-26 12:00:00,-4.1,0.9,-7.5,-2.4
2023-11-26 18:00:00,2023-11-26 18:00:00,-5.7,-6.5,-8.9,-6.5
2023-11-27 00:00:00,2023-11-27 00:00:00,-6.5,-7.1,-9.9,-10.7
2023-11-27 06:00:00,2023-11-27 06:00:00,-7.2,-6.2,-11.4,-6.2
2023-11-27 12:00:00,2023-11-27 12:00:00,-6.4,-7.4,-12.6,-15.4
2023-11-27 18:00:00,2023-11-27 18:00:00,-5.9,-6.6,-12.1,-13.8
2023-11-28 00:00:00,2023-11-28 00:00:00,-4.8,-5.5,-10.1,-12.4
2023-11-28 06:00:00,2023-11-28 06:00:00,-5.9,-5.7,-10.2,-11.3
2023-11-28 12:00:00,2023-11-28 12:00:00,-2.8,-4.7,-8.2,-9.1
2023-11-28 18:00:00,2023-11-28 18:00:00,-8.8,-6,-13.6,-10.7
2023-11-29 00:00:00,2023-11-29 00:00:00,-8.7,-5.9,-8.7,-10.6
2023-11-29 06:00:00,2023-11-29 06:00:00,-8.7,-7.7,-13.2,-12.7
2023-11-29 12:00:00,2023-11-29 12:00:00,-5.8,-7.4,-10.1,-7.4
2023-11-29 18:00:00,2023-11-29 18:00:00,-5.3,-8.7,-11.3,-12.6
2023-11-30 00:00:00,2023-11-30 00:00:00,-5.6,-8.4,-11.5,-8.4
2023-11-30 06:00:00,2023-11-30 06:00:00,-6.5,-5.4,-12,-10
2023-11-30 12:00:00,2023-11-30 12:00:00,-5.9,-4.5,-9.7,-8.9
2023-11-30 18:00:00,2023-11-30 18:00:00,-3.8,-5.3,-9,-10.8
2023-12-01 00:00:00,2023-12-01 00:00:00,-3.3,-6,-6.7,-10.7
2023-12-01 06:00:00,2023-12-01 06:00:00,-4.3,-6.3,-8.2,-12
2023-12-01 18:00:00,2023-12-01 18:00:00,-4.4,-5.1,-9,-10.5
2023-12-02 00:00:00,2023-12-02 00:00:00,-3,-3.8,-3,-8.1
2023-12-02 06:00:00,2023-12-02 06:00:00,-2.6,-2.2,-2.6,-5
2023-12-02 12:00:00,2023-12-02 12:00:00,-2.3,-5.4,-4.7,-11.7
2023-12-02 18:00:00,2023-12-02 18:00:00,-4.2,-4.7,-4.2,-4.7
2023-12-03 00:00:00,2023-12-03 00:00:00,-4.6,-4.2,-4.6,-4.2
2023-12-03 06:00:00,2023-12-03 06:00:00,-4.5,-5.4,-6.9,-5.4
2023-12-04 12:00:00,2023-12-04 12:00:00,-1.7,-1.6,-5.6,-7.5
2023-12-04 18:00:00,2023-12-04 18:00:00,-2.6,-1.5,-6.2,-6.8
2023-12-05 00:00:00,2023-12-05 00:00:00,-2.7,-1.6,-5,-5.4
2023-12-05 06:00:00,2023-12-05 06:00:00,-3.2,-2,-3.2,-4.8
2023-12-05 12:00:00,2023-12-05 12:00:00,-2.4,-2.8,-4.7,-2.8
2023-12-05 18:00:00,2023-12-05 18:00:00,-3.9,-8.9,-6.7,-12.8
2023-12-06 00:00:00,2023-12-06 00:00:00,-6,-9.3,-6,-13.3
2023-12-06 06:00:00,2023-12-06 06:00:00,-8.2,-9.3,-11.8,-14.7
2023-12-06 12:00:00,2023-12-06 12:00:00,-4.8,-8,-8.8,-14.1
2023-12-06 18:00:00,2023-12-06 18:00:00,-4,-6.7,-7.4,-13.3
2023-12-07 00:00:00,2023-12-07 00:00:00,-3.6,-3.9,-7.3,-9.8
2023-12-07 06:00:00,2023-12-07 06:00:00,-3.7,-7,-7.2,-13.7
2023-12-07 12:00:00,2023-12-07 12:00:00,-3.6,-5.6,-8.9,-11.2
2023-12-07 18:00:00,2023-12-07 18:00:00,-5.5,-4.8,-10.2,-10.9
2023-12-08 00:00:00,2023-12-08 00:00:00,-5.8,-6.3,-10,-12
2023-12-08 12:00:00,2023-12-08 12:00:00,-5,-13.9,-5,-21.3
2023-12-08 18:00:00,2023-12-08 18:00:00,-5.5,-16.5,-8.5,-25.5
2023-12-09 00:00:00,2023-12-09 00:00:00,-5.8,-14,-8.5,-22.4
2023-12-09 06:00:00,2023-12-09 06:00:00,-5.7,-12.2,-9.6,-20.2
2023-12-09 12:00:00,2023-12-09 12:00:00,-4.6,-7.7,-9.8,-13.7
2023-12-09 18:00:00,2023-12-09 18:00:00,-4.5,-7.8,-10.2,-13.9
2023-12-10 00:00:00,2023-12-10 00:00:00,-4.3,-6.7,-9.6,-11.5
2023-12-10 06:00:00,2023-12-10 06:00:00,-3.5,-6.3,-8.6,-11.1
2023-12-10 12:00:00,2023-12-10 12:00:00,-1.9,-6.9,-6.4,-14.8
2023-12-10 18:00:00,2023-12-10 18:00:00,-2.8,-5.3,-8.1,-12.2
2023-12-11 00:00:00,2023-12-11 00:00:00,-4.5,-3.3,-9.9,-9.6
2023-12-11 06:00:00,2023-12-11 06:00:00,-3.8,-1.7,-9.7,-8.1
2023-12-11 12:00:00,2023-12-11 12:00:00,-1.7,-0.4,-6.7,-5.4
2023-12-11 18:00:00,2023-12-11 18:00:00,-0.9,-0.4,-6.3,-6.4
2023-12-12 00:00:00,2023-12-12 00:00:00,0.2,0.3,-4.3,-5.1
2023-12-12 06:00:00,2023-12-12 06:00:00,0.3,0.6,-3.3,-4.2
2023-12-12 12:00:00,2023-12-12 12:00:00,0.3,1.7,-2.2,-2.2
2023-12-12 18:00:00,2023-12-12 18:00:00,0.2,0.7,-2.6,-3.4
2023-12-13 00:00:00,2023-12-13 00:00:00,0.3,0.5,-2.5,-2.9
2023-12-13 06:00:00,2023-12-13 06:00:00,0.1,0.7,0.1,-2.7
2023-12-13 12:00:00,2023-12-13 12:00:00,-0.1,0.9,-0.1,-1.4
2023-12-13 18:00:00,2023-12-13 18:00:00,0.2,1.1,0.2,-2.9
2023-12-14 00:00:00,2023-12-14 00:00:00,0.4,0.8,-2.1,-3.9
2023-12-14 06:00:00,2023-12-14 06:00:00,0.4,0.1,-2.1,-4.8
2023-12-14 12:00:00,2023-12-14 12:00:00,0.3,-1,-2.1,-4.7
2023-12-14 18:00:00,2023-12-14 18:00:00,-0.3,-1.8,-3.9,-6.5
2023-12-15 00:00:00,2023-12-15 00:00:00,-2.5,-5.9,-6.9,-10.6
2023-12-15 12:00:00,2023-12-15 12:00:00,-1.7,-1.1,-4.6,-5.6
2023-12-15 18:00:00,2023-12-15 18:00:00,-2.6,-2.5,-5,-6.5
2023-12-16 00:00:00,2023-12-16 00:00:00,-1.2,-1.2,-4.7,-6.4
2023-12-16 06:00:00,2023-12-16 06:00:00,1.4,0,-2.2,-3.5
2023-12-16 12:00:00,2023-12-16 12:00:00,2.7,2.1,-0.8,-2.8
2023-12-16 18:00:00,2023-12-16 18:00:00,2.6,2,-0.4,-2.4
2023-12-17 00:00:00,2023-12-17 00:00:00,3.6,3.2,-0.2,-2.2
2023-12-17 06:00:00,2023-12-17 06:00:00,5.2,4.4,5.2,-0.6
2023-12-17 12:00:00,2023-12-17 12:00:00,5.5,4.4,5.5,0.1
2023-12-17 18:00:00,2023-12-17 18:00:00,5.6,5,5.6,0.9
2023-12-18 00:00:00,2023-12-18 00:00:00,6.2,4.7,6.2,0.5
2023-12-18 06:00:00,2023-12-18 06:00:00,5.5,0.2,5.5,-4.7
2023-12-18 12:00:00,2023-12-18 12:00:00,6,3.3,6,-1.3
2023-12-18 18:00:00,2023-12-18 18:00:00,5.9,3.9,5.9,-0.5
2023-12-19 00:00:00,2023-12-19 00:00:00,5.5,3.8,5.5,-0.2
2023-12-19 12:00:00,2023-12-19 12:00:00,6.6,7.6,6.6,7.6
2023-12-19 18:00:00,2023-12-19 18:00:00,6,2,6,-3.7
2023-12-20 00:00:00,2023-12-20 00:00:00,5,0.9,2.3,-4.8
2023-12-20 06:00:00,2023-12-20 06:00:00,3.3,-0.3,1.1,-5.8
2023-12-20 12:00:00,2023-12-20 12:00:00,3.1,4.3,1.1,-0.7
2023-12-20 18:00:00,2023-12-20 18:00:00,1.6,2.5,-1.8,-2.7
2023-12-21 00:00:00,2023-12-21 00:00:00,1.4,1.8,-2.5,-3.6
2023-12-22 18:00:00,2023-12-22 18:00:00,0.3,3.8,-4.9,-0.6
2023-12-23 00:00:00,2023-12-23 00:00:00,0.3,0.8,-3.4,-4.9
2023-12-23 06:00:00,2023-12-23 06:00:00,-0.4,0.5,-5.2,-5.3
2023-12-23 12:00:00,2023-12-23 12:00:00,0.2,1.4,-4.9,-4.1
2023-12-23 18:00:00,2023-12-23 18:00:00,0,-0.6,-4.7,-5
2023-12-24 00:00:00,2023-12-24 00:00:00,-0.5,-0.6,-5.7,-5
2023-12-24 06:00:00,2023-12-24 06:00:00,-0.1,-0.7,-4.7,-6.8
2023-12-24 12:00:00,2023-12-24 12:00:00,-0.1,-0.3,-4.2,-6.7
2023-12-26 18:00:00,2023-12-26 18:00:00,4.3,0.7,0.5,-4.6
2023-12-27 00:00:00,2023-12-27 00:00:00,2.1,1.3,-2.4,-3.8
2023-12-27 06:00:00,2023-12-27 06:00:00,0.9,1.2,-3.2,-4.4
2023-12-27 12:00:00,2023-12-27 12:00:00,2.1,2.1,-2.7,-3.2
2023-12-27 18:00:00,2023-12-27 18:00:00,1.4,-0.3,-3.2,-4.7
2023-12-28 00:00:00,2023-12-28 00:00:00,0.7,0.1,-3.1,-4.2
2023-12-28 06:00:00,2023-12-28 06:00:00,-0.5,-2.2,-3.9,-2.2
2023-12-28 12:00:00,2023-12-28 12:00:00,1,-0.7,-3.6,-5.1
2023-12-28 18:00:00,2023-12-28 18:00:00,1.6,-0.3,-2,-2.8
2023-12-29 00:00:00,2023-12-29 00:00:00,3.9,0.2,0.6,-4
2023-12-29 06:00:00,2023-12-29 06:00:00,3.9,1.5,0.7,-2.4
2024-01-02 18:00:00,2024-01-02 18:00:00,-9.2,1.5,-14.7,-2.4
2024-01-03 00:00:00,2024-01-03 00:00:00,-9.2,0.8,-15.2,-3.3
2024-01-03 06:00:00,2024-01-03 06:00:00,-10.3,1.2,-16,-2.8
2024-01-03 12:00:00,2024-01-03 12:00:00,-9.2,1.8,-15.4,-2.7
2024-01-03 18:00:00,2024-01-03 18:00:00,-10.3,-9.6,-17.1,-16.1
2024-01-04 00:00:00,2024-01-04 00:00:00,-10.1,-16,-15.2,-24.9
2024-01-04 06:00:00,2024-01-04 06:00:00,-10.1,-20.1,-15.7,-27.6
2024-01-04 12:00:00,2024-01-04 12:00:00,-8.2,-8.9,-12.1,-8.9
2024-01-04 18:00:00,2024-01-04 18:00:00,-8.6,-10.2,-14,-15.7
2024-01-05 00:00:00,2024-01-05 00:00:00,-8.5,-10.1,-8.5,-16.7
2024-01-05 06:00:00,2024-01-05 06:00:00,-10.7,-10.6,-16.3,-17.3
2024-01-05 12:00:00,2024-01-05 12:00:00,-6.2,-16.2,-12.1,-16.2
2024-01-05 18:00:00,2024-01-05 18:00:00,-7.4,-16.9,-13,-22.1
2024-01-06 00:00:00,2024-01-06 00:00:00,-9.6,-16.9,-13.1,-22.1
2024-01-06 06:00:00,2024-01-06 06:00:00,-7.6,-18.3,-7.6,-25.4
2024-01-06 18:00:00,2024-01-06 18:00:00,-11.7,-14.9,-15.1,-21.4
2024-01-07 00:00:00,2024-01-07 00:00:00,-16.4,-15.5,-20.7,-23.3
2024-01-07 06:00:00,2024-01-07 06:00:00,-19.2,-16.2,-24.8,-24.2
2024-01-07 12:00:00,2024-01-07 12:00:00,-15.5,-12.9,-21.4,-20.1
2024-01-07 18:00:00,2024-01-07 18:00:00,-18.4,-14.4,-23.2,-21.9
2024-01-08 00:00:00,2024-01-08 00:00:00,-20.2,-14.5,-25.9,-20.9
2024-01-08 06:00:00,2024-01-08 06:00:00,-21.3,-16.5,-21.3,-21.6
2024-01-08 12:00:00,2024-01-08 12:00:00,-13.5,-14.2,-13.5,-21.7
2024-01-08 18:00:00,2024-01-08 18:00:00,-18.1,-14.8,-18.1,-22.4
